name,id,image,level,attribute,family,prior_forms,next_forms,lateral_next_forms,digifuse_forms,attacks,included
Aegiochusmon,1,./new_digimon_images\Aegiochusmon.jpg,Ultimate,Vaccine,Unknown,Aegiomon,Unknown,Unknown,Unknown,Unknown,True
Aegiochusmon Blue,2,./new_digimon_images\Aegiochusmon_Blue.jpg,Ultimate,Vaccine,Unknown,Aegiomon,Unknown,Unknown,Unknown,Unknown,True
Aegiochusmon Dark,3,./new_digimon_images\Aegiochusmon_Dark.jpg,Ultimate,Vaccine,Unknown,Aegiomon,Unknown,Unknown,Unknown,Unknown,True
Aegiochusmon Green,4,./new_digimon_images\Aegiochusmon_Green.jpg,Ultimate,Vaccine,Unknown,Aegiomon,Unknown,Unknown,Unknown,Unknown,True
Aegiochusmon Holy,5,./new_digimon_images\Aegiochusmon_Holy.jpg,Ultimate,Vaccine,Unknown,Aegiomon,Jupitermon,Unknown,Unknown,Unknown,True
Aegiomon,6,./new_digimon_images\Aegiomon.jpg,Champion,Vaccine,Unknown,Unknown,Aegiochusmon | Aegiochusmon Green | Aegiochusmon Blue | Aegiochusmon Dark | Aegiochusmon Holy,Unknown,Unknown,Unknown,True
Aero Veedramon,7,no image,Ultimate,Vaccine,Nature Spirits,Veedramon,UlforceVeedramon,Unknown,Unknown,Magnum Crush | Kaze no Shugo Kabe,True
Agunimon,8,./new_digimon_images\Agunimon.jpg,Hybrid,Vaccine / Variable,None,H Spirit of Flame,BurningGreymon | Aldamon | BurningGreymon,Unknown,Unknown,Burning Salamander | Salamander Break | Fire Darts | Crimson Knuckle,True
Agumon,9,./new_digimon_images\Agumon.jpg,Rookie,Vaccine,Nature Spirits,Koromon,Greymon | Centarumon | Meramon | Numemon | Tyrannomon | Tuskmon | Agumon (Bond of Bravery) | Cyberdramon,BlackAgumon | SnowAgumon,Shoutmon X7F Superior Mode,Baby Flame | Surudoi Tsume | Spitfire | Cross Fight | Triple Baby Flame | Uppercut | Mach Jab,True
Agumon Bond of Bravery,10,./new_digimon_images\Agumon Bond of Bravery.jpg,Unknown,Unknown,Unknown,Unknown,Unknown,Unknown,Unknown,Unknown,False
Airdramon,11,./new_digimon_images\Airdramon.jpg,Champion,Vaccine,Wind Guardians,Botamon,MetalGreymon (Virus) | Megadramon,Unknown,Unknown,God Tornado,True
Aldamon,12,./new_digimon_images\Aldamon.jpg,Hybrid,Variable,None,Spirits of Flame,EmperorGreymon | Spirits of Wind | Ice | Wood | Earth,Unknown,Unknown,Brahmashira | Brahmastra,True
Alphamon,13,./new_digimon_images\Alphamon.jpg,Mega,Vaccine,Virus Busters,Grademon,Alphamon Ouryuken | Ouryumon,Alphamon Ouryuken,Unknown,Seiken Gradalpha | Digital Monster X-Evolution | Kyūkyokusenjin Ouryūken | Ouryūken,True
Alphamon Ouryuken,14,./new_digimon_images\Alphamon_Ouryuken.jpg,Mega,Vaccine,Virus Busters,Alphamon,Unknown,Unknown,Unknown,Kyūkyokusenjin Ouryūken | Digital Monster X-Evolution | Seiken Gradalpha,True
Ancient Wisemon,15,no image,Mega,Virus,Unknown,Unknown,Unknown,Unknown,Unknown,Laplace no Ma,True
Andiramon,16,./new_digimon_images\Andiramon.jpg,Unknown,Unknown,Unknown,Unknown,Unknown,Unknown,Unknown,Unknown,False
Andromon,17,./new_digimon_images\Andromon.jpg,Ultimate,Vaccine,Metal Empire,Guardromon,HiAndromon,Unknown,Unknown,Spiral Sword | Gatling Missile | Gatling Missile Rensha Mode,True
Angemon,18,./new_digimon_images\Angemon.jpg,Champion,Vaccine,Wind Guardians,Patamon,MagnaAngemon | Ankylomon | Shakkoumon | Ankylomon | Armadillomon | Angewomon | NeoDevimon,Devimon,Unknown,Heaven's Knuckle | Holy Rod | God Typhoon | Halo Attack,True
Angewomon,19,./new_digimon_images\Angewomon.jpg,Ultimate,Vaccine / Free,Nature Spirits,Gatomon,Magnadramon | Ophanimon | Mastemon | LadyDevimon | Ophanimon Falldown Mode | LovelyAngemon,LadyDevimon,Unknown,Holy Arrow | Digimon World Data Squad | Saint Air | Holy Kick | Holy Attack | Holy Dash | Angel Wing | Holy Charge Kick | Holy Charm,True
Ankylomon,20,./new_digimon_images\Ankylomon.jpg,Champion,Vaccine / Free,Nature Spirits,Armadillomon,Shakkoumon | Angemon | MagnaAngemon | Angemon | Brachiomon,Unknown,Unknown,Armor Stampede | Rhythmical Knock,True
Anomalocarimon,21,no image,Unknown,Unknown,Unknown,Unknown,Unknown,Unknown,Unknown,Unknown,False
Apocalymon,22,./new_digimon_images\Apocalymon.jpg,Mega,Free,Dark Area,DemiDevimon,Mephistomon,Unknown,Unknown,Ankoku | Death Evolution | Gran Death Big Bang | Shokushu Kougeki | Ultimate Stream,True
Apollomon,23,./new_digimon_images\Apollomon.jpg,Mega,Vaccine,Dragon's Roar,Flaremon,GraceNovamon | Dianamon,Unknown,Shoutmon X7F Superior Mode,Solblaster | PhoebusBlow | Arrow of Apollo,True
Aquilamon,24,./new_digimon_images\Aquilamon.jpg,Champion,Data / Free,Wind Guardians,Hawkmon,Silphymon | Gatomon | Angewomon | Gatomon | Garudamon,Unknown,Unknown,Glide Horn | Blast Laser | Stealth Quarrel,True
Archnemon,25,no image,Unknown,Unknown,Unknown,Unknown,Unknown,Unknown,Unknown,Unknown,False
Armadimon,26,no image,Unknown,Unknown,Unknown,Unknown,Unknown,Unknown,Unknown,Unknown,False
Armagemon,27,no image,Unknown,Unknown,Unknown,Unknown,Unknown,Unknown,Unknown,Unknown,False
Astamon,28,./new_digimon_images\Astamon.jpg,Ultimate,Virus,Dark Area,Psychemon,Belphemon Sleep Mode | Belphemon Rage Mode,Unknown,Unknown,Unknown,True
Atlur Kabuterimon,29,no image,Unknown,Unknown,Unknown,Unknown,Unknown,Unknown,Unknown,Unknown,False
Avenge Kidmon,30,no image,Mega,Virus,Unknown,Unknown,Unknown,Unknown,Unknown,Unknown,True
Bacchusmon,31,./new_digimon_images\Bacchusmon.jpg,Mega,Virus,Unknown,Unknown,Unknown,Unknown,Unknown,Cook of the Hell | Party of the Heaven | Reverse of the Dead,True
Bacchusmon Drunk,32,no image,Unknown,Unknown,Unknown,Unknown,Unknown,Unknown,Unknown,Unknown,False
Bakemon,33,./new_digimon_images\Bakemon.jpg,Champion,Virus,Nightmare Soldiers,DemiDevimon,Phantomon | Myotismon | Pumpkinmon,Soulmon,Unknown,Hell's Hand | Death Charm | Death Claw,True
Bakumon,34,no image,Unknown,Unknown,Unknown,Unknown,Unknown,Unknown,Unknown,Unknown,False
Bancho Leomon,35,no image,Mega,Vaccine,Virus Busters,GrapLeomon,Chaosmon | Darkdramon | Chaosmon: Valdur Arm | Varodurumon | UltimateChaosmon | Darkdramon | Varodurumon | Kentaurosmon | BanchoLeomon Burst Mode,Unknown,Unknown,Shishiraouzan | Flash Bantyo Punch | Otokogi | Burn Bantyo Punch,True
Bao Hackmon,36,no image,Unknown,Unknown,Unknown,Unknown,Unknown,Unknown,Unknown,Unknown,False
Barbamon,37,./new_digimon_images\Barbamon.jpg,Mega,Virus,Dark Area,Bastemon,OmegaArmamon Burst Mode | Armamon,Unknown,Unknown,Jigoku no Kaen,True
Bearmon,38,./new_digimon_images\Bearmon.jpg,Rookie,Vaccine,Nature Spirits,Tsunomon,Grizzlymon | LoaderLiomon | Gallantmon | Guilmon,Unknown,Shoutmon X7F Superior Mode,KogumaSeikendzuki,True
Beel Starmon,39,no image,Mega,Virus,Nightmare Soldiers,Unknown,Unknown,Unknown,Unknown,Unknown,True
Beelzebumon,40,no image,Unknown,Unknown,Unknown,Unknown,Unknown,Unknown,Unknown,Unknown,False
Beelzebumon Blast Mode,41,no image,Unknown,Unknown,Unknown,Unknown,Unknown,Unknown,Unknown,Unknown,False
Belial Vamdemon,42,no image,Unknown,Unknown,Unknown,Unknown,Unknown,Unknown,Unknown,Unknown,False
Belphemon Rage Mode,43,./new_digimon_images\Belphemon_Rage_Mode.jpg,Mega,Virus,Dark Area,Code Key of Sloth,Unknown,Unknown,Unknown,Unknown,True
Belphemon Sleep Mode,44,./new_digimon_images\Belphemon_Sleep_Mode.jpg,Mega,Virus,Dark Area,Astamon,Unknown,Unknown,Unknown,Unknown,True
Beowolfmon,45,./new_digimon_images\BeoWolfmon.jpg,Unknown,Unknown,Unknown,Unknown,Unknown,Unknown,Unknown,Unknown,False
Betamon,46,./new_digimon_images\Betamon.jpg,Rookie,Virus,Nature Spirits,Koromon,Seadramon | Dinohyumon,Unknown,Shoutmon X7F Superior Mode,Dengeki Biririn | Cutter Fin,True
Big Mamemon,47,no image,Ultimate,Data,Metal Empire,Unknown,Unknown,Unknown,Unknown,Big Smiley Bomber,True
Birdramon,48,./new_digimon_images\Birdramon.jpg,Champion,Vaccine,Wind Guardians,Biyomon,Garudamon | Garudamon X,Unknown,Unknown,Mach Glide | Kyoushū | Phoenix Taze,True
Black King Numemon,49,no image,Ultimate,Virus,Unknown,Numemon,PlatinumNumemon,Unknown,Unknown,Unknown,True
Black Tailmon,50,no image,Unknown,Unknown,Unknown,Unknown,Unknown,Unknown,Unknown,Unknown,False
Blimpmon,51,./new_digimon_images\Blimpmon.jpg,Champion,Data,Wind Guardians,Unknown,Unknown,Unknown,Unknown,Unknown,True
Blue Meramon,52,no image,Ultimate,Data,Nightmare Soldiers,Meramon,Boltmon,Unknown,Unknown,Vision Bind | Mental Point Alchemy,True
Boltmon,53,./new_digimon_images\Boltmon.jpg,Mega,Data,Metal Empire,BlueMeramon,Unknown,Unknown,Unknown,TomahawkSteiner | Bousou,True
Botamon,54,./new_digimon_images\Botamon.jpg,Fresh,Data / Free,Nightmare Soldiers,Unknown,Koromon | Impmon | Lopmon | Airdramon | Veedramon | DarkTyrannomon | Ponchomon | Wanyamon | Budmon,Unknown,Unknown,San no Awa | Awa,True
Brachiomon,55,./new_digimon_images\Brachiomon.jpg,Ultimate,Data,Nature Spirits,Poyomon,Unknown,Unknown,Unknown,Unknown,True
Breakdramon,56,./new_digimon_images\Breakdramon.jpg,Mega,Virus,Dragon's Roar,Groundramon,Examon | Slayerdramon,Unknown,Unknown,Infinity Boring | Gravity Press,True
Bubbmon,57,no image,Unknown,Unknown,Unknown,Unknown,Unknown,Unknown,Unknown,Unknown,False
Buraimon,58,./new_digimon_images\Buraimon.jpg,Champion,Vaccine,Wind Guardians,Hyokomon,Butenmon,Unknown,Unknown,Tsubame Nimai Gaeshi,True
Butenmon,59,./new_digimon_images\Butenmon.jpg,Ultimate,Vaccine,Wind Guardians,Buraimon,Chronomon Holy Mode,Unknown,Unknown,Nichirin no Mai | Gyoukou Issen,True
Calamaramon,60,no image,Unknown,Unknown,Unknown,Unknown,Unknown,Unknown,Unknown,Unknown,False
Callismon,61,./new_digimon_images\Callismon.jpg,Mega,Virus,Nightmare Soldiers,Grizzlymon,Unknown,Unknown,Unknown,Digimon Adventure V-Tamer 01,True
Cannonbeemon,62,./new_digimon_images\CannonBeemon.jpg,Unknown,Unknown,Unknown,Unknown,Unknown,Unknown,Unknown,Unknown,False
Caprimon,63,no image,Unknown,Unknown,Unknown,Unknown,Unknown,Unknown,Unknown,Unknown,False
Catch Mamemon,64,no image,Ultimate,Data,Metal Empire,Unknown,Unknown,Unknown,Unknown,Unknown,True
Centalmon,65,no image,Unknown,Unknown,Unknown,Unknown,Unknown,Unknown,Unknown,Unknown,False
Cerberumon,66,no image,Unknown,Unknown,Unknown,Unknown,Unknown,Unknown,Unknown,Unknown,False
Cerberumon  Werewolf Mode,67,no image,Unknown,Unknown,Unknown,Unknown,Unknown,Unknown,Unknown,Unknown,False
Ceresmon,68,./new_digimon_images\Ceresmon.jpg,Mega,Data,Wind Guardians,Unknown,Unknown,Unknown,Unknown,Famēs,True
Ceresmon Medium,69,./new_digimon_images\Ceresmon_Medium.jpg,Mega,Data,Unknown,Blossomon,Unknown,Unknown,Unknown,Phales,True
Chaos Dukemon,70,no image,Unknown,Unknown,Unknown,Unknown,Unknown,Unknown,Unknown,Unknown,False
Chaosdramon,71,./new_digimon_images\Chaosdramon.jpg,Mega,Virus,Dragon's Roar,Unknown,Unknown,Unknown,Unknown,Hyper ∞ Cannon | Destroyed Harken,True
Chaosmon,72,./new_digimon_images\Chaosmon.jpg,Mega,Vaccine,Unknown,DarkTyrannomon,Unknown,Unknown,Unknown,Haou Ryoudanken,True
Chaosmon  Valdur Arm,73,no image,Unknown,Unknown,Unknown,Unknown,Unknown,Unknown,Unknown,Unknown,False
Cherubimon Evil,74,no image,Unknown,Unknown,Unknown,Unknown,Unknown,Unknown,Unknown,Unknown,False
Cherubimon Good,75,no image,Unknown,Unknown,Unknown,Unknown,Unknown,Unknown,Unknown,Unknown,False
Chimairamon,76,no image,Unknown,Unknown,Unknown,Unknown,Unknown,Unknown,Unknown,Unknown,False
Choromon,77,no image,Unknown,Unknown,Unknown,Unknown,Unknown,Unknown,Unknown,Unknown,False
Chronomon,78,no image,Unknown,Unknown,Unknown,Unknown,Unknown,Unknown,Unknown,Unknown,False
Chronomon Destroy,79,no image,Unknown,Unknown,Unknown,Unknown,Unknown,Unknown,Unknown,Unknown,False
Chrysalimon,80,./new_digimon_images\Chrysalimon.jpg,Champion,Virus / Free,Dark Area,Keramon,Infermon,Unknown,Unknown,Unknown,True
Clavis Angemon,81,no image,Mega,Vaccine,Wind Guardians,Unknown,Unknown,Unknown,Unknown,Unknown,True
Clockmon,82,./new_digimon_images\Clockmon.jpg,Champion,Data,Metal Empire,Solarmon,Unknown,Unknown,Shoutmon X7F Superior Mode,Unknown,True
Coelamon,83,./new_digimon_images\Coelamon.jpg,Champion,Data,Deep Savers,Crabmon,Unknown,Unknown,Unknown,Variable Darts | Kamitsuki | Water Bullet,True
Coredramon (Blue),84,no image,Unknown,Unknown,Unknown,Unknown,Unknown,Unknown,Unknown,Unknown,False
Coredramon (Green),85,no image,Unknown,Unknown,Unknown,Unknown,Unknown,Unknown,Unknown,Unknown,False
Coronamon,86,./new_digimon_images\Coronamon.jpg,Rookie,Vaccine,Dragon's Roar,Sunmon,Firamon,Unknown,Unknown,Corona-knuckle,True
Craniummon,87,no image,Unknown,Unknown,Unknown,Unknown,Unknown,Unknown,Unknown,Unknown,False
Crescemon,88,./new_digimon_images\Crescemon.jpg,Ultimate,Data,Deep Savers,Lekismon,Dianamon,Unknown,Unknown,Unknown,True
Crossmon,89,no image,Unknown,Unknown,Unknown,Unknown,Unknown,Unknown,Unknown,Unknown,False
Cyberdramon,90,./new_digimon_images\Cyberdramon.jpg,Ultimate,Vaccine,Wind Guardians,Strikedramon,Justimon (Blitz Arm),Unknown,Unknown,Erase Claw,True
Cyclomon,91,no image,Unknown,Unknown,Unknown,Unknown,Unknown,Unknown,Unknown,Unknown,False
Dagomon,92,no image,Unknown,Unknown,Unknown,Unknown,Unknown,Unknown,Unknown,Unknown,False
Dark Super Starmon,93,no image,Ultimate,Virus,Metal Empire,Unknown,Unknown,Unknown,Unknown,Unknown,True
Darkdramon,94,./new_digimon_images\Darkdramon.jpg,Mega,Virus,Dark Area,Tankdramon,Chaosmon | BanchoLeomon | UltimateChaosmon | BanchoLeomon | Varodurumon | Kentaurosmon,Unknown,Shoutmon X7F Superior Mode,Gigastick Lance,True
Death Meramon,95,./new_digimon_images\Death_Meramon.jpg,Unknown,Unknown,Unknown,Unknown,Unknown,Unknown,Unknown,Unknown,True
Deltamon,96,./new_digimon_images\Deltamon.jpg,Champion,Virus,Unknown,Gazimon,Kimeramon,Unknown,Unknown,Triple Force | Skull Fang,True
Delumon,97,no image,Unknown,Unknown,Unknown,Unknown,Unknown,Unknown,Unknown,Unknown,False
Demon,98,no image,Unknown,Unknown,Unknown,Unknown,Unknown,Unknown,Unknown,Unknown,False
Devimon,99,./new_digimon_images\Devimon.jpg,Champion,Virus,Nightmare Soldiers,DemiDevimon,NeoDevimon | Myotismon | SkullSatamon | Ogremon | Kimeramon | Kabuterimon | BlueMeramon,IceDevimon,Unknown,Death Claw | Leather Wing | Hell Contract,True
Diablomon,100,no image,Unknown,Unknown,Unknown,Unknown,Unknown,Unknown,Unknown,Unknown,False
Dianamon,101,./new_digimon_images\Dianamon.jpg,Mega,Data,Deep Savers,Crescemon,GraceNovamon | Apollomon,Unknown,Unknown,Unknown,True
Digitamamon,102,./new_digimon_images\Digitamamon.jpg,Ultimate,Data,Unknown,Ogremon,Devitamamon | Minervamon | Titamon,Unknown,Unknown,Enigma | Swing Egg,True
Digmon,103,./new_digimon_images\Digmon.jpg,Armor,Vaccine / Free,Nature Spirits,Armadillomon,Unknown,Unknown,Unknown,Big Crack | Titan Drill,True
Dinobeemon,104,./new_digimon_images\Dinobeemon.jpg,Ultimate,Virus / Free,Nature Spirits,Tanemon,GranKuwagamon | Imperialdramon Dragon Mode | TigerVespamon,Unknown,Unknown,Unknown,True
Dinohumon,105,no image,Unknown,Unknown,Unknown,Unknown,Unknown,Unknown,Unknown,Unknown,False
Dobermon,106,./new_digimon_images\Dobermon.jpg,Champion,Vaccine,Nightmare Soldiers,Labramon,Cerberusmon,Unknown,Unknown,Unknown,True
Dodomon,107,./new_digimon_images\Dodomon.jpg,Fresh,Free,Unknown,Unknown,Dorimon | Wanyamon,Unknown,Unknown,Chīsana Tetsu Tsubu,True
Dokugumon,108,./new_digimon_images\Dokugumon.jpg,Champion,Virus,Unknown,KoDokugumon (In-Training),Arukenimon,Unknown,Unknown,Stinger Poration | ArachnoBatoto,True
Dorimon,109,./new_digimon_images\Dorimon.jpg,In-Training,Free,Nature Spirits,Dodomon,Dorumon,Unknown,Unknown,San no Awa,True
Dorugamon,110,./new_digimon_images\Dorugamon.jpg,Champion,Data,Nature Spirits,Dorumon,DoruGreymon,Unknown,Unknown,Power Metal,True
Dorugoramon,111,./new_digimon_images\Dorugoramon.jpg,Mega,Data,Nature Spirits,DoruGreymon,Unknown,DexDorugoramon,Unknown,Brave Metal | DORU Din,True
Doruguremon,112,no image,Unknown,Unknown,Unknown,Unknown,Unknown,Unknown,Unknown,Unknown,False
Dorumon,113,./new_digimon_images\Dorumon.jpg,Rookie,Data,Nature Spirits,Dorimon,Dorugamon | DexDorugamon | Reptiledramon,Unknown,Unknown,Unknown,True
Dracomon,114,./new_digimon_images\Dracomon.jpg,Rookie,Data,Dragon's Roar,Unknown,Coredramon (Blue) | Coredramon (Green),Unknown,Shoutmon X7F Superior Mode,Tail Smash | G Shurunen,True
Dracumon,115,no image,Unknown,Unknown,Unknown,Unknown,Unknown,Unknown,Unknown,Unknown,False
Drimogemon,116,./new_digimon_images\Drimogemon.jpg,Champion,Data,Nature Spirits,Unknown,Digmon | Giromon | Mush-Upped MachLeomon | MachLeomon | Forest Zone | Code Crown | Abyss Truffle,Unknown,Unknown,Crusher Bone,True
Duftmon,117,no image,Unknown,Unknown,Unknown,Unknown,Unknown,Unknown,Unknown,Unknown,False
Duftmon  Leopard Mode,118,no image,Unknown,Unknown,Unknown,Unknown,Unknown,Unknown,Unknown,Unknown,False
Dukemon,119,no image,Unknown,Unknown,Unknown,Unknown,Unknown,Unknown,Unknown,Unknown,False
Dukemon  Crimson Mode,120,no image,Unknown,Unknown,Unknown,Unknown,Unknown,Unknown,Unknown,Unknown,False
Duramon,121,./new_digimon_images\Duramon.jpg,Ultimate,Vaccine,Metal Empire,ZubaEagermon,Durandamon,Unknown,Unknown,Brinded | Grass-Slash,True
Durandamon,122,./new_digimon_images\Durandamon.jpg,Mega,Vaccine,Metal Empire,Duramon,RagnaLoardmon | BryweLudramon,Unknown,Unknown,Zwanglänze,True
Dynasmon,123,./new_digimon_images\Dynasmon.jpg,Mega,Data,Virus Busters,Silphymon,Unknown,Unknown,Unknown,Dragon's Roar | Digimon Frontier,True
Ebemon,124,./new_digimon_images\Ebemon.jpg,Mega,Virus,Unknown,Vademon,Unknown,Unknown,Unknown,Brain Rupture | Planet Destroyer,True
Elecmon,125,./new_digimon_images\Elecmon.jpg,Rookie,Data,Nature Spirits,Tsunomon,BlackGarurumon | Leomon | DarkTyrannomon,Elecmon (Violet),Unknown,Sparkling Thunder | Tai Atari | Thunder Knife,True
Enbarrmon,126,no image,Unknown,Unknown,Unknown,Unknown,Unknown,Unknown,Unknown,Unknown,False
Enbarrmon Craniummon,127,no image,Unknown,Unknown,Unknown,Unknown,Unknown,Unknown,Unknown,Unknown,False
Etemon,128,./new_digimon_images\Etemon.jpg,Ultimate,Virus,Unknown,Sukamon,Etemon (Chaos) | Dark Network | MetalEtemon | KingEtemon,Unknown,Unknown,Love Serenade | Dark Spirits | Monkick,True
Examon,129,./new_digimon_images\Examon.jpg,Mega,Data,Dragon's Roar,Slayerdramon,Unknown,Unknown,Shoutmon X7F Superior Mode,Unknown,True
Ex-Tyranomon,130,no image,Unknown,Unknown,Unknown,Unknown,Unknown,Unknown,Unknown,Unknown,False
Falcomon,131,./new_digimon_images\Falcomon.jpg,Rookie,Vaccine,Wind Guardians,Unknown,Diatrymon,Unknown,Unknown,Unknown,True
Fantomon,132,no image,Unknown,Unknown,Unknown,Unknown,Unknown,Unknown,Unknown,Unknown,False
Firamon,133,./new_digimon_images\Firamon.jpg,Champion,Vaccine,Dragon's Roar,Coronamon,Flaremon,Unknown,Unknown,Unknown,True
Fladramon,134,no image,Unknown,Unknown,Unknown,Unknown,Unknown,Unknown,Unknown,Unknown,False
Flaremon,135,./new_digimon_images\Flaremon.jpg,Ultimate,Vaccine,Dragon's Roar,Firamon,Apollomon,Unknown,Unknown,Guren Juuouha | Kurenai Shishi no Mai[2] | Seisei no Houkou,True
Floramon,136,./new_digimon_images\Floramon.jpg,Rookie,Data,Wind Guardians,Tanemon,Kiwimon | Ninjamon | Vegiemon,Unknown,Unknown,Allergy Shower,True
Flymon,137,./new_digimon_images\Flymon.jpg,Champion,Virus,Unknown,Kunemon,Okuwamon | JewelBeemon,Unknown,Unknown,Deadly Sting,True
Fugamon,138,./new_digimon_images\Fugamon.jpg,Champion,Virus,Nightmare Soldiers,Goblimon,Unknown,Unknown,Unknown,Digimon World: Next Order,True
Funbeemon,139,no image,Unknown,Unknown,Unknown,Unknown,Unknown,Unknown,Unknown,Unknown,False
Gabumon,140,./new_digimon_images\Gabumon.jpg,Rookie,Data,Nature Spirits,Tsunomon,Garurumon | Gabumon (Bond of Friendship),BlackGabumon,Shoutmon X7F Superior Mode,Petit Fire | Tsuno Kougeki | Hidden Knock,True
Gabumon Bond of Friendship,141,./new_digimon_images\Gabumon Bond of Friendship.jpg,Unknown,Unknown,Unknown,Unknown,Unknown,Unknown,Unknown,Unknown,False
Gaioumon,142,no image,Unknown,Unknown,Unknown,Unknown,Unknown,Unknown,Unknown,Unknown,False
Ganimon,143,no image,Unknown,Unknown,Unknown,Unknown,Unknown,Unknown,Unknown,Unknown,False
Gankoomon,144,./new_digimon_images\Gankoomon.jpg,Mega,Data,Virus Busters,Unknown,Unknown,Unknown,Unknown,Tekken Seisai[10] | Jishin! Kaminari! Kaji! Oyaji! | Chabudai Gaeshi,True
Gaogamon,145,./new_digimon_images\Gaogamon.jpg,Champion,Data,Nature Spirits,Gaomon,MachGaogamon,Unknown,Unknown,Unknown,True
Gaomon,146,./new_digimon_images\Gaomon.jpg,Rookie,Data,Nature Spirits,Wanyamon,Gaogamon | BlackGaogamon,Unknown,Unknown,Unknown,True
Gargomon,147,./new_digimon_images\Gargomon.jpg,Champion,Vaccine,Nature Spirits,Terriermon,Rapidmon | Rapidmon (Armor),Unknown,Unknown,Gatling Arm | DumdumUpper,True
Garudamon,148,./new_digimon_images\Garudamon.jpg,Ultimate,Vaccine,Wind Guardians,Birdramon,Phoenixmon | Ornismon,Unknown,Unknown,Shadow Wing | Crimson Claw | Kyoushū | Phoenix Fist | Garuda Punch,True
Garummon,149,no image,Unknown,Unknown,Unknown,Unknown,Unknown,Unknown,Unknown,Unknown,False
Garurumon,150,./new_digimon_images\Garurumon.jpg,Champion,Vaccine,Nightmare Soldiers,Gabumon,WereGarurumon | ShadowWereGarurumon,Unknown,Shoutmon X7F Superior Mode,Fox Fire | Tai Atari | Freeze Fang,True
Gawappamon,151,no image,Unknown,Unknown,Unknown,Unknown,Unknown,Unknown,Unknown,Unknown,False
Gazimon,152,./new_digimon_images\Gazimon.jpg,Rookie,Virus,Nightmare Soldiers,Unknown,Devidramon | Deltamon | BlackGarurumon | Leomon | Apemon,Unknown,Unknown,Paralyze Breath,True
Gekomon,153,./new_digimon_images\Gekomon.jpg,Champion,Virus,Nature Spirits,Otamamon,ShogunGekomon | Whamon,Unknown,Unknown,Crash Symphony | Bero Kougeki,True
Geo Greymon,154,no image,Champion,Vaccine,Dragon's Roar,Agumon (2006 anime),RizeGreymon,Unknown,Unknown,Unknown,True
Gerbemon,155,no image,Unknown,Unknown,Unknown,Unknown,Unknown,Unknown,Unknown,Unknown,False
Geremon,156,./new_digimon_images\Geremon.jpg,Champion,Virus,Unknown,Unknown,Unknown,Unknown,Unknown,Hyper Smell | Unchi Nage | Iya~ na Shita | Renzoku Unchi Nage | Nume Tai Atari | Unchi,True
Gigadramon,157,./new_digimon_images\Gigadramon.jpg,Ultimate,Virus,Metal Empire,Unknown,Unknown,Unknown,Unknown,Guilty Claw,True
Ginryumon,158,./new_digimon_images\Ginryumon.jpg,Champion,Vaccine,Nature Spirits,Ryudamon,Hisyaryumon,Unknown,Unknown,Tekkoujin | Boujinha,True
Gizamon,159,./new_digimon_images\Gizamon.jpg,Rookie,Virus,Deep Savers,Pagumon,Datamon | DarkTyrannomon,Unknown,Unknown,Spiral Edge,True
Goburimon,160,no image,Unknown,Unknown,Unknown,Unknown,Unknown,Unknown,Unknown,Unknown,False
Goddramon,161,no image,Unknown,Unknown,Unknown,Unknown,Unknown,Unknown,Unknown,Unknown,False
Gold Numemon,162,no image,Champion,Virus,Metal Empire,Unknown,Unknown,Unknown,Unknown,Gold-DurianRush | Goldonara | Iya de Dekkai Shita | Gold Excrement,True
Golemon,163,./new_digimon_images\Golemon.jpg,Champion,Virus,Unknown,Gotsumon,PileVolcamon | Gogmamon,Unknown,Shoutmon X7F Superior Mode,Curse Crimson | Golem Punch,True
Gomamon,164,./new_digimon_images\Gomamon.jpg,Rookie,Vaccine,Deep Savers,Bukamon,Ikkakumon | Gaogamon | Mojyamon,Unknown,Unknown,Marching Fishes | Surudoi Tsume | Sharp Edge | Sufer Dive | Bubble Barrier,True
Gottsumon,165,no image,Unknown,Unknown,Unknown,Unknown,Unknown,Unknown,Unknown,Unknown,False
Grace Novamon,166,no image,Mega,Vaccine,Unknown,Apollomon,Unknown,Unknown,Unknown,Unknown,True
Grademon,167,./new_digimon_images\Grademon.jpg,Ultimate,Vaccine,Nature Spirits,Reptiledramon,Alphamon,Unknown,Shoutmon X7F Superior Mode,Unknown,True
Gran Kuwagamon,168,no image,Mega,Virus / Free,Nature Spirits,Dinobeemon,MegaGranKuwagamon,GrandisKuwagamon,Unknown,Grand Death Screw | Zone Black Hole,True
Grand Dracumon,169,no image,Unknown,Unknown,Unknown,Unknown,Unknown,Unknown,Unknown,Unknown,False
Grand Locomon,170,no image,Unknown,Unknown,Unknown,Unknown,Unknown,Unknown,Unknown,Unknown,False
Grappu Leomon,171,no image,Unknown,Unknown,Unknown,Unknown,Unknown,Unknown,Unknown,Unknown,False
Great Gryzmon,172,no image,Unknown,Unknown,Unknown,Unknown,Unknown,Unknown,Unknown,Unknown,False
Greymon,173,./new_digimon_images\Greymon.jpg,Champion,Vaccine,Nature Spirits,Agumon,MetalGreymon (Vaccine) | MetalGreymon (Virus) | SkullGreymon | RizeGreymon | Triceramon | Megadramon,Unknown,Unknown,Mega Flame | Great Antler | Great Horn Attack | Great Horn,True
Griffomon,174,no image,Unknown,Unknown,Unknown,Unknown,Unknown,Unknown,Unknown,Unknown,False
Groundramon,175,./new_digimon_images\Groundramon.jpg,Ultimate,Virus,Dragon's Roar,Coredramon (Green),Breakdramon,Unknown,Unknown,Scrapless Claw,True
Growmon,176,no image,Unknown,Unknown,Unknown,Unknown,Unknown,Unknown,Unknown,Unknown,False
Gryzmon,177,no image,Unknown,Unknown,Unknown,Unknown,Unknown,Unknown,Unknown,Unknown,False
Guardromon,178,./new_digimon_images\Guardromon.jpg,Champion,Virus,Metal Empire,Kokuwamon,Andromon,Guardromon (Gold),Shoutmon X7F Superior Mode,Destruction Grenade,True
Guardromon (Gold),179,no image,Unknown,Unknown,Unknown,Unknown,Unknown,Unknown,Unknown,Unknown,False
Guilmon,180,./new_digimon_images\Guilmon.jpg,Rookie,Virus,Nature Spirits,Gigimon,Growlmon | BlackGrowlmon | Gallantmon | Bearmon,Unknown,Shoutmon X7F Superior Mode,Fireball | Kurenai-maru | Rock 'n' Roll Breaker | Fire Rock Breaker | Surudoi Tsume | Guil Shot | Kiai Tame | Kūchū Wild Upper,True
Gundramon,181,./new_digimon_images\Gundramon.jpg,Mega,Virus,Metal Empire,Unknown,Unknown,Unknown,Unknown,Unknown,True
Hackmon,182,./new_digimon_images\Hackmon.jpg,Rookie,Data,Metal Empire,Unknown,BaoHuckmon,Unknown,Unknown,Fif Slash | Baby Flame,True
Hagurumon,183,./new_digimon_images\Hagurumon.jpg,Rookie,Virus,Metal Empire,Unknown,Guardromon | Mekanorimon | Guardromon (Gold),Unknown,Unknown,Darkness Gear | Makikomi | Kikai Attack,True
Hangyomon,184,no image,Unknown,Unknown,Unknown,Unknown,Unknown,Unknown,Unknown,Unknown,False
Hawkmon,185,./new_digimon_images\Hawkmon.jpg,Rookie,Data / Free,Wind Guardians,Poromon,Aquilamon | Orcamon | Digi-Egg Digivolution Chart,Unknown,Unknown,Feather Slash | Beak Pecker | Loop the Hawk | Kuchibashi Attack,True
Herakle Kabuterimon,186,no image,Unknown,Unknown,Unknown,Unknown,Unknown,Unknown,Unknown,Unknown,False
Hi Andromon,187,no image,Mega,Vaccine,Metal Empire,Andromon,Unknown,Unknown,Unknown,Digimon New Century | Spiral Sword,True
Hippogriffomon,188,./new_digimon_images\Hippogriffomon.jpg,Ultimate,Data,Wind Guardians,Unimon,Gryphonmon | Zhuqiaomon,Unknown,Unknown,Unknown,True
Hisyaryumon,189,./new_digimon_images\Hisyaryumon.jpg,Ultimate,Vaccine,Nature Spirits,DexDorugamon,Ouryumon,Unknown,Unknown,Seiryūjin | Jūouguruma,True
Holsmon,190,no image,Unknown,Unknown,Unknown,Unknown,Unknown,Unknown,Unknown,Unknown,False
Holy Angemon,191,no image,Unknown,Unknown,Unknown,Unknown,Unknown,Unknown,Unknown,Unknown,False
Holydramon,192,no image,Unknown,Unknown,Unknown,Unknown,Unknown,Unknown,Unknown,Unknown,False
Hououmon,193,no image,Unknown,Unknown,Unknown,Unknown,Unknown,Unknown,Unknown,Unknown,False
Hyokomon,194,./new_digimon_images\Hyokomon.jpg,Rookie,Vaccine,Wind Guardians,Chicchimon,Buraimon,Unknown,Unknown,Karatakewari,True
Hyougamon,195,no image,Unknown,Unknown,Unknown,Unknown,Unknown,Unknown,Unknown,Unknown,False
Ice Devimon,196,no image,Champion,Virus,Nightmare Soldiers,Impmon,IceDevimon (Enhancement Absorbent) | Icemon | IceDevimon-Daipenmon Enhancement | Daipenmon | SkullSatamon,Unknown,Shoutmon X7F Superior Mode,Frost Claw | Icy Shower | Zero Freeze | Cold Blood | Razor Wing,True
Icemon,197,./new_digimon_images\Icemon.jpg,Champion,Data,Nature Spirits,Gotsumon,Meteormon | IceDevimon (Enhancement Absorbent) | IceDevimon,Unknown,Unknown,On the Rock | Digimon World 2,True
Ikkakumon,198,./new_digimon_images\Ikkakumon.jpg,Champion,Vaccine,Deep Savers,Gomamon,Zudomon,Unknown,Unknown,Harpoon Vulcan | Digimon Digital Card Battle | Northern Lights | Digimon Rumble Arena 2,True
Imperialdramon Dragon Mode,199,./new_digimon_images\Imperialdramon_Dragon_Mode.jpg,Mega,Vaccine / Free,Nature Spirits,Paildramon,Unknown,Imperialdramon Fighter Mode | Imperialdramon Dragon Mode (Black),Unknown,Mega Death | Splendor Blade,True
Imperialdramon Fighter Mode,200,./new_digimon_images\Imperialdramon_Fighter_Mode.jpg,Mega,Vaccine / Free,Nature Spirits,Flamedramon,Unknown,Imperialdramon Paladin Mode | Omnimon,Unknown,Giga Death | Super Positron Laser | Ion Blaster | Digimon All-Star Rumble | Chōetsu Positron Laser,True
Imperialdramon Paladin Mode,201,./new_digimon_images\Imperialdramon_Paladin_Mode.jpg,Mega,Vaccine / Free,Metal Empire,Unknown,Unknown,Unknown,Unknown,Omega Blade | Giga Death,True
Impmon,202,./new_digimon_images\Impmon.jpg,Rookie,Virus,Nightmare Soldiers,Yaamon,IceDevimon | Meramon,Unknown,Shoutmon X7F Superior Mode,Summon | Night of Fire | Pillar of Fire | Dadadada Kick | Digimon All-Star Rumble | Night of Blizzard | Yami Fire,True
Infermon,203,./new_digimon_images\Infermon.jpg,Ultimate,Virus / Free,Dark Area,Chrysalimon,Diaboromon,Unknown,Unknown,Hell's Grenade | Cocoon Attack | Virus Skater,True
Insekimon,204,no image,Unknown,Unknown,Unknown,Unknown,Unknown,Unknown,Unknown,Unknown,False
Jesmon,205,./new_digimon_images\Jesmon.jpg,Mega,Data,Virus Busters,SaviorHuckmon,Unknown,Jesmon GX,Unknown,Tekken Seibai | Schwertgeist | OSGenerics,True
Jewelbeemon,206,./new_digimon_images\JewelBeemon.jpg,Unknown,Unknown,Unknown,Unknown,Unknown,Unknown,Unknown,Unknown,False
Jumbo Gamemon,207,no image,Mega,Data,Deep Savers,Shawjamon,Unknown,Unknown,Unknown,Unknown,True
Junomon,208,./new_digimon_images\Junomon.jpg,Mega,Virus,Nightmare Soldiers,Unknown,Unknown,Junomon Hysteric Mode,Unknown,Grace Lance,True
Junomon  Hysteric Mode,209,no image,Unknown,Unknown,Unknown,Unknown,Unknown,Unknown,Unknown,Unknown,False
Jupitermon,210,./new_digimon_images\Jupitermon.jpg,Mega,Vaccine,Wind Guardians,Aegiochusmon Holy,Unknown,Jupitermon Wrath Mode,Unknown,Unknown,True
Jupitermon  Wrath Mode,211,no image,Unknown,Unknown,Unknown,Unknown,Unknown,Unknown,Unknown,Unknown,False
Justimon,212,./new_digimon_images\Justimon.jpg,Mega,Vaccine,Metal Empire,Unknown,Unknown,Unknown,Unknown,Accel Arm,True
Jyureimon,213,no image,Unknown,Unknown,Unknown,Unknown,Unknown,Unknown,Unknown,Unknown,False
Kabuterimon,214,./new_digimon_images\Kabuterimon.jpg,Champion,Vaccine,Nature Spirits,Tentomon,MegaKabuterimon (Red) | MegaKabuterimon (Blue) | Kimeramon | Devimon | Kongoumon | TyrantKabuterimon,Unknown,Shoutmon X7F Superior Mode,Mega Blaster | Beetle Horn | Blink Thrust | Insect Plague | Danger Sting,True
Kaiser Greymon,215,no image,Unknown,Unknown,Unknown,Unknown,Unknown,Unknown,Unknown,Unknown,False
Kamemon,216,./new_digimon_images\Kamemon.jpg,Rookie,Data,Deep Savers,Unknown,Gwappamon,Unknown,Shoutmon X7F Superior Mode,Pointer Arrow | 'met Tackle | Kōra Gādo | Kōra Atakku,True
Karatuki Numemon,217,no image,Unknown,Unknown,Unknown,Unknown,Unknown,Unknown,Unknown,Unknown,False
Keramon,218,./new_digimon_images\Keramon.jpg,Rookie,Virus / Free,Dark Area,Tsumemon,Chrysalimon,Unknown,Unknown,Crazy Giggle,True
King Etemon,219,no image,Mega,Virus,Nightmare Soldiers,Etemon,Unknown,Unknown,Unknown,Saru Shibai,True
Kiwimon,220,./new_digimon_images\Kiwimon.jpg,Champion,Data,Wind Guardians,Floramon,Sinduramon | Blossomon | Sirenmon,Unknown,Unknown,Little Pecker | Nose Mattock,True
Knightmon,221,./new_digimon_images\Knightmon.jpg,Ultimate,Data,Metal Empire,Gummymon,Crusadermon | Leopardmon,Unknown,Shoutmon X7F Superior Mode,Digimon Frontier,True
Kokuwamon,222,./new_digimon_images\Kokuwamon.jpg,Rookie,Data,Metal Empire,Kapurimon,Guardromon | Thundermon,Unknown,Unknown,Scissor Arms Mini | Assemble Work | Elect-Elect | Inazuma Giri,True
Koromon,223,./new_digimon_images\Koromon.jpg,In-Training,Data / Free,Dragon's Roar,Botamon,Agumon | Agumon (2006 anime) | Betamon | Agumon Expert,Unknown,Unknown,Awa | San no Awa | Doku no Awa,True
Kotemon,224,./new_digimon_images\Kotemon.jpg,Rookie,Data,Nature Spirits,Unknown,Dinohyumon | Kyukimon | Musyamon | Gladimon,Unknown,Unknown,FireMen | Inazuma Giri,True
Kudamon,225,./new_digimon_images\Kudamon.jpg,Rookie,Vaccine,Virus Busters,Unknown,Unknown,Unknown,Unknown,Dangan Senpū | Zekkoushou,True
Kuramon,226,./new_digimon_images\Kuramon.jpg,Fresh,Free,Nightmare Soldiers,Unknown,Tsumemon | Armageddemon,Unknown,Unknown,Glare Eye | Awa,True
Kuwagamon,227,./new_digimon_images\Kuwagamon.jpg,Champion,Virus,Nature Spirits,Unknown,Megadramon | Kokatorimon | Okuwamon | MetalTyrannomon | DarkTyrannomon,Unknown,Unknown,Scissor Arms | Trap Scissors,True
Kuzuhamon,228,./new_digimon_images\Kuzuhamon.jpg,Mega,Data,Nightmare Soldiers,Doumon,Unknown,Kuzuhamon Maid Mode,Unknown,Ura Izuna | Taizoukai Mandala[10],True
Kyubimon,229,./new_digimon_images\Kyubimon.jpg,Champion,Data,Nightmare Soldiers,Renamon,Taomon,Unknown,Unknown,Koenryū | Onibidama | Zutsuki | Koshūgeki | Kodengeki | Amatsu-kitsune,True
Lady Devimon,230,no image,Ultimate,Virus,Unknown,BlackGatomon,SkullSatamon | MarineDevimon | Myotismon | MarineDevimon | Minervamon | Mastemon | Angewomon | Apocalymon | Vilemon | DemiDevimon | SkullSatamon | Myotismon | Puppetmon,Unknown,Shoutmon X7F Superior Mode,Poison | citation needed | Binta,True
Lalamon,231,./new_digimon_images\Lalamon.jpg,Rookie,Data,Jungle Troopers,Budmon,Sunflowmon,Unknown,Unknown,Nuts Shoot | Lala Screw | Petit Tackle,True
Lekismon,232,./new_digimon_images\Lekismon.jpg,Champion,Data,Deep Savers,Lunamon,Crescemon,Unknown,Unknown,Unknown,True
Leomon,233,./new_digimon_images\Leomon.jpg,Champion,Vaccine,Nature Spirits,Elecmon,IceLeomon | GrapLeomon | BanchoLeomon,Unknown,Unknown,Jūouken | Shishiou-maru | Jūga-maru | Hasaigeri | Hyakujūken[22] | Jūouha | Shishi Jūhazan | citation needed,True
Leviamon,234,./new_digimon_images\Leviamon.jpg,Mega,Virus,Deep Savers,MarineDevimon,Ogudomon | Lucemon Chaos Mode | Daemon | Belphemon Rage Mode | Barbamon | Beelzemon | Lilithmon,Unknown,Shoutmon X7F Superior Mode,Rostrum | Cauda | Anima | Duo Cauda,True
Lighdramon,235,no image,Unknown,Unknown,Unknown,Unknown,Unknown,Unknown,Unknown,Unknown,False
Lilamon,236,./new_digimon_images\Lilamon.jpg,Ultimate,Data,Jungle Troopers,Sunflowmon,Rosemon | Lotosmon | Minervamon,Unknown,Shoutmon X7F Superior Mode,Un Deux Pollen,True
Lilimon,237,no image,Unknown,Unknown,Unknown,Unknown,Unknown,Unknown,Unknown,Unknown,False
Lilithmon,238,./new_digimon_images\Lilithmon.jpg,Mega,Virus,Nightmare Soldiers,Bastemon,Unknown,Unknown,Unknown,NazarNail,True
Loader Leomon,239,no image,Unknown,Unknown,Unknown,Unknown,Unknown,Unknown,Unknown,Unknown,False
Locomon,240,./new_digimon_images\Locomon.jpg,Ultimate,Data,Metal Empire,Unknown,GranLocomon,Unknown,Unknown,Unknown,True
Lopmon,241,./new_digimon_images\Lopmon.jpg,Rookie,Data,Nature Spirits,Kokomon,Wendigomon | Turuiemon,Unknown,Shoutmon X7F Superior Mode,Petit Twister | Kūchū Blazing Ice | Guruguru Slap,True
Lord Knightmon,242,no image,Unknown,Unknown,Unknown,Unknown,Unknown,Unknown,Unknown,Unknown,False
Lotusmon,243,no image,Unknown,Unknown,Unknown,Unknown,Unknown,Unknown,Unknown,Unknown,False
Lucemon,244,./new_digimon_images\Lucemon.jpg,Rookie,Vaccine,Virus Busters,Unknown,Lucemon Chaos Mode,Unknown,Unknown,Divine Feat,True
Lucemon  Falldown Mode,245,no image,Unknown,Unknown,Unknown,Unknown,Unknown,Unknown,Unknown,Unknown,False
Lucemon  Satan Mode,246,no image,Unknown,Unknown,Unknown,Unknown,Unknown,Unknown,Unknown,Unknown,False
Lunamon,247,./new_digimon_images\Lunamon.jpg,Rookie,Data,Deep Savers,Moonmon,Lekismon,Unknown,Unknown,Pico Darts,True
Mach Gaogamon,248,no image,Ultimate,Data,Nature Spirits,Gaogamon,MirageGaogamon | ZeedGarurumon,Unknown,Unknown,Gaoga Tornado,True
Magna Garurumon,249,no image,Hybrid,Data / Variable,Metal Empire,Spirits,Susanoomon | EmperorGreymon,MagnaGarurumon (SV),Unknown,Machine Gun Destroy | Starlight Velocity,True
Magna Garurumon  Separation,250,no image,Unknown,Unknown,Unknown,Unknown,Unknown,Unknown,Unknown,Unknown,False
Magna Kidmon,251,no image,Mega,Virus,Virus Busters,Unknown,Unknown,Unknown,Unknown,Unknown,True
Magnamon,252,./new_digimon_images\Magnamon.jpg,Armor,Vaccine / Free,Metal Empire,Veemon,Unknown,Unknown,Unknown,Plasma Shoot | Extreme Jihad | Magnum Punch | Magnum Kick | Light Aura Barrier,True
Mamemon,253,./new_digimon_images\Mamemon.jpg,Ultimate,Data,Metal Empire,Seadramon,TonosamaMamemon | PrinceMamemon | Machinedramon,MetalMamemon | BigMamemon | CatchMamemon,Unknown,Smiley Bomb | One-Two Rush | Buster Dive | Strike Upper,True
Mammon,254,no image,Unknown,Unknown,Unknown,Unknown,Unknown,Unknown,Unknown,Unknown,False
Marin Angemon,255,no image,Unknown,Unknown,Unknown,Unknown,Unknown,Unknown,Unknown,Unknown,False
Marsmon,256,./new_digimon_images\Marsmon.jpg,Mega,Vaccine,Virus Busters,GrapLeomon,Unknown,Unknown,Unknown,Mugenhadou,True
Mastemon,257,./new_digimon_images\Mastemon.jpg,Mega,Vaccine,Unknown,Angewomon,Unknown,Unknown,Unknown,Chaos Degrade,True
Master Blimpmon,258,no image,Unknown,Unknown,Unknown,Unknown,Unknown,Unknown,Unknown,Unknown,False
Matadrmon,259,no image,Unknown,Unknown,Unknown,Unknown,Unknown,Unknown,Unknown,Unknown,False
Mechanorimon,260,no image,Unknown,Unknown,Unknown,Unknown,Unknown,Unknown,Unknown,Unknown,False
Medieval Dukemon,261,no image,Unknown,Unknown,Unknown,Unknown,Unknown,Unknown,Unknown,Unknown,False
Mega Seadramon,262,no image,Ultimate,Data,Deep Savers,SnowAgumon,MetalSeadramon,Unknown,Unknown,Maelstrom | Dramon Attack | Ice Arrow | Stinger Surprise | Ice Reflect | Shimetsukeru,True
Megadramon,263,./new_digimon_images\Megadramon.jpg,Ultimate,Virus,Metal Empire,Monodramon,Ghoulmon | Cherrymon | Machinedramon | WarGreymon | Dinorexmon,Unknown,Unknown,Genocide Attack | Ultimate Slicer | Mega Death Scythe,True
Megalo Growmon,264,no image,Unknown,Unknown,Unknown,Unknown,Unknown,Unknown,Unknown,Unknown,False
Megidramon,265,./new_digimon_images\Megidramon.jpg,Mega,Virus,Nightmare Soldiers,WarGrowlmon,Unknown,Unknown,Unknown,Hell Howling | MegiddoFlame,True
Meramon,266,./new_digimon_images\Meramon.jpg,Champion,Data,Nightmare Soldiers,DemiMeramon,BlueMeramon | SkullMeramon | FusedAncientVolcanomon | AncientVolcanomon,Unknown,Unknown,Burning Fist | Guren no Honoo | Magma Bomb,True
Mercurymon,267,./new_digimon_images\Mercurymon.jpg,Hybrid,Variable,Metal Empire,H Spirit of Steel,ShadowSeraphimon | Seraphimon,Unknown,Unknown,Generous Mirror | Offset Reflector,True
Mervamon,268,./new_digimon_images\Mervamon.jpg,Mega,Virus,Nightmare Soldiers,Unknown,Unknown,Unknown,Shoutmon X7F Superior Mode,Hebi Panchi,True
Metal Etemon,269,no image,Mega,Virus,Nature Spirits,Etemon,Unknown,KingEtemon,Unknown,Mega Punch | Hekoki Attack | Number One Punch | Full Metal Hip Attack | Heavy Mon-kick | Dark Recital | Love Serenade,True
Metal Garurumon,270,no image,Mega,Data,Metal Empire,WereGarurumon,Omnimon | WarGreymon | Omnimon X | WarGreymon | Omnimon Zwart | WarGreymon,Unknown,Shoutmon X7F Superior Mode,CocytusBreath | Metal Fang | Blizzard Attack | Giga Destruction | Metal Scratch,True
Metal Greymon,271,no image,Ultimate,Virus,Dragon's Roar,Greymon (2010 anime),ZekeGreymon,Unknown,Unknown,Giga Destroyer,True
Metal Mamemon,272,no image,Ultimate,Data,Metal Empire,Unknown,PrinceMamemon,Unknown,Unknown,Energy Bomb | Magnet Beam,True
Metal Seadramon,273,no image,Mega,Data,Deep Savers,MegaSeadramon,Unknown,GigaSeadramon,Unknown,Ultimate Stream | Hell Squeeze | Poseidon Divide | Shimetsuke,True
Metal Tyranomon,274,no image,Unknown,Unknown,Unknown,Unknown,Unknown,Unknown,Unknown,Unknown,False
Millenniumon,275,no image,Unknown,Unknown,Unknown,Unknown,Unknown,Unknown,Unknown,Unknown,False
Minervamon,276,./new_digimon_images\Minervamon.jpg,Mega,Virus,Nightmare Soldiers,Digitamamon,Unknown,Mervamon,Unknown,Unknown,True
Minotaurmon,277,no image,Unknown,Unknown,Unknown,Unknown,Unknown,Unknown,Unknown,Unknown,False
Mirage Gaogamon,278,no image,Mega,Data,Nature Spirits,MachGaogamon,Unknown,MirageGaogamon Burst Mode,Unknown,Unknown,True
Mirage Gaogamon  Burst Mode,279,no image,Unknown,Unknown,Unknown,Unknown,Unknown,Unknown,Unknown,Unknown,False
Mistymon,280,./new_digimon_images\Mistymon.jpg,Ultimate,Virus,Virus Busters,Wizardmon,Dynasmon | MedievalGallantmon,Unknown,Unknown,Unknown,True
Mochimon,281,no image,Unknown,Unknown,Unknown,Unknown,Unknown,Unknown,Unknown,Unknown,False
Mojyamon,282,./new_digimon_images\Mojyamon.jpg,Champion,Vaccine,Nature Spirits,Gomamon,Piximon,Unknown,Unknown,Icicle Rod | Hone Hone Boomerang,True
Monochromon,283,./new_digimon_images\Monochromon.jpg,Champion,Data,Nature Spirits,Gotsumon,Megadramon | Vermilimon | Triceramon,Unknown,Unknown,Volcano Strike | Tai Atari | Grand Fire | Gaudy Tusk | Mega Flame,True
Monodramon,284,./new_digimon_images\Monodramon.jpg,Rookie,Vaccine,Nature Spirits,Hopmon,Strikedramon | Airdramon,Unknown,Shoutmon X7F Superior Mode,Crack Bite | Zutsuki Kougeki,True
Monzaemon,285,./new_digimon_images\Monzaemon.jpg,Ultimate,Vaccine,Metal Empire,Gummymon,GigaWaruMonzaemon | WaruMonzaemon | Lilithmon | ShinMonzaemon,Unknown,Unknown,Lovely Attack | Ai no Houkou | Silence Hug | Bunbun Punch,True
Muchomon,286,./new_digimon_images\Muchomon.jpg,Rookie,Data,Deep Savers,Tokomon,Sinduramon | Kokatorimon,Unknown,Unknown,Mugen Binta | Ardent Flair | Kauntā Binta | Kuchibashi Attack,True
Mugendramon,287,no image,Unknown,Unknown,Unknown,Unknown,Unknown,Unknown,Unknown,Unknown,False
Mummymon,288,./new_digimon_images\Mummymon.jpg,Ultimate,Virus,Unknown,Unknown,Beelzemon | Matadormon | Pharaohmon,Unknown,Unknown,Unknown,True
Mushmon,289,no image,Unknown,Unknown,Unknown,Unknown,Unknown,Unknown,Unknown,Unknown,False
Musyamon,290,./new_digimon_images\Musyamon.jpg,Champion,Virus,Nightmare Soldiers,Kotemon,Asuramon,Unknown,Unknown,Kirisute Gomen | Shiratori-maru,True
Nanimon,291,./new_digimon_images\Nanimon.jpg,Champion,Virus,Unknown,Unknown,Unknown,PlatinumSukamon,Unknown,OYAJIPunch | Unchi Kougeki | Unchi | Dead Word | Unchi Danku,True
Nanomon,292,no image,Unknown,Unknown,Unknown,Unknown,Unknown,Unknown,Unknown,Unknown,False
Nefertimon,293,./new_digimon_images\Nefertimon.jpg,Armor,Vaccine / Free,Virus Busters,Gatomon,Angewomon,Unknown,Unknown,NileJewelry | Curse of Queen | Paw of Queen,True
Neptunemon,294,./new_digimon_images\Neptunemon.jpg,Mega,Vaccine,Deep Savers,Whamon (Ultimate),Unknown,Unknown,Unknown,Vortex Penetrate | Wave of Depth,True
Numemon,295,./new_digimon_images\Numemon.jpg,Champion,Virus,Unknown,Agumon,Monzaemon | BlackKingNumemon,KyodaiNumemon | Sukamon | ShellNumemon | GoldNumemon,Unknown,Unchi | Unchi Nage | Chou Akushū Funsha | Enga Chou Kick | Renzoku Unchi Nage | Nume Tai Atari | Iya~ na Shita | Choukyori Unchi Nage,True
Nyaromon,296,./new_digimon_images\Nyaromon.jpg,In-Training,Free,Nature Spirits,YukimiBotamon,Salamon,Unknown,Unknown,Fox Tail | Awa,True
Octmon,297,no image,Unknown,Unknown,Unknown,Unknown,Unknown,Unknown,Unknown,Unknown,False
Ofanimon,298,no image,Unknown,Unknown,Unknown,Unknown,Unknown,Unknown,Unknown,Unknown,False
Okuwamon,299,./new_digimon_images\Okuwamon.jpg,Ultimate,Virus,Nature Spirits,Kuwagamon,GranKuwagamon,Unknown,Unknown,Scissor Arms Ω | Hakai no Shoudou,True
Omega Shoutmon,300,no image,Unknown,Unknown,Unknown,Unknown,Unknown,Unknown,Unknown,Unknown,False
Omegamon,301,no image,Unknown,Unknown,Unknown,Unknown,Unknown,Unknown,Unknown,Unknown,False
Omegamon Zwart,302,no image,Unknown,Unknown,Unknown,Unknown,Unknown,Unknown,Unknown,Unknown,False
Orgemon,303,no image,Unknown,Unknown,Unknown,Unknown,Unknown,Unknown,Unknown,Unknown,False
Orochimon,304,./new_digimon_images\Orochimon.jpg,Ultimate,Virus,Nature Spirits,Eyesmon,MadLeomon (Orochimode) | MadLeomon | Ebonwumon | Nidhoggmon,Unknown,Unknown,Sake Breath,True
Otamamon,305,./new_digimon_images\Otamamon.jpg,Rookie,Virus,Nature Spirits,Unknown,Gekomon,Unknown,Unknown,Lullaby Bubble | Child Claw | Tai Atari,True
Ouryumon,306,./new_digimon_images\Ouryumon.jpg,Mega,Vaccine,Nature Spirits,Hisyaryumon,Alphamon Ouryuken | Alphamon,Unknown,Unknown,Eiseiryūoujin | Ougai,True
Pagumon,307,./new_digimon_images\Pagumon.jpg,In-Training,Virus / Free,Nightmare Soldiers,Zurumon,Raremon | BlackAgumon | Gizamon,Unknown,Unknown,Doku no Awa | Awa[7] | San no Awa,True
Paildramon,308,./new_digimon_images\Paildramon.jpg,Ultimate,Data / Free,Nature Spirits,ExVeemon,Imperialdramon Dragon Mode | Imperialdramon Fighter Mode,Unknown,Unknown,Esgrima | Elemental Bolt,True
Palmon,309,./new_digimon_images\Palmon.jpg,Rookie,Data,Nature Spirits,Tanemon,Togemon | Woodmon | Sunflowmon,Unknown,Shoutmon X7F Superior Mode,Root Stretch | Sleep Spore | Nioi Kougeki | Kusai Nioi | Totemo Kusai Nioi,True
Pandamon,310,./new_digimon_images\Pandamon.jpg,Ultimate,Data,Unknown,Grizzlymon,BanchoLeomon | GrapLeomon,Unknown,Unknown,Sasa Punch | Shoudan | Unnanshou,True
Panjyamon,311,no image,Unknown,Unknown,Unknown,Unknown,Unknown,Unknown,Unknown,Unknown,False
Parrotmon,312,./new_digimon_images\Parrotmon.jpg,Ultimate,Vaccine,Wind Guardians,Tokomon,Eaglemon,Unknown,Unknown,citation needed | MjölnirThunder,True
Patamon,313,./new_digimon_images\Patamon.jpg,Rookie,Data / Free,Nature Spirits,Tokomon,Angemon | Pegasusmon | Digi-Egg Digivolution Chart,Unknown,Shoutmon X7F Superior Mode,Air Shot | Air Gust | Tai Atari | Pretty Rush | Geigeki Air Shot | Hane Binta | Thousand Wing | Tai Atari Bomb | Sparking Air Shot,True
Peckmon,314,./new_digimon_images\Peckmon.jpg,Champion,Vaccine,Wind Guardians,Falcomon (2006 anime),Crowmon (2006 anime),Unknown,Unknown,Thousand Beak | Kunai Bane | Meakeri | Tsuyoi Maekeri,True
Pegasmon,315,no image,Unknown,Unknown,Unknown,Unknown,Unknown,Unknown,Unknown,Unknown,False
Penmon,316,no image,Unknown,Unknown,Unknown,Unknown,Unknown,Unknown,Unknown,Unknown,False
Pharaohmon,317,./new_digimon_images\Pharaohmon.jpg,Mega,Virus,Nightmare Soldiers,Mummymon,Unknown,Anubismon,Unknown,Unknown,True
Piccolomon,318,no image,Unknown,Unknown,Unknown,Unknown,Unknown,Unknown,Unknown,Unknown,False
Pico Devimon,319,no image,Unknown,Unknown,Unknown,Unknown,Unknown,Unknown,Unknown,Unknown,False
Piemon,320,no image,Unknown,Unknown,Unknown,Unknown,Unknown,Unknown,Unknown,Unknown,False
Pile Volcamon,321,no image,Mega,Data,Metal Empire,Volcamon,Unknown,Unknown,Unknown,Unknown,True
Pinochimon,322,no image,Unknown,Unknown,Unknown,Unknown,Unknown,Unknown,Unknown,Unknown,False
Piyomon,323,no image,Unknown,Unknown,Unknown,Unknown,Unknown,Unknown,Unknown,Unknown,False
Platinum Numemon,324,no image,Mega,Virus,Metal Empire,BlackKingNumemon,Unknown,Unknown,Unknown,Platinum Excrement | Excrement | Sugoku Iya de Dekkai Shita,True
Platinum Scumon,325,no image,Unknown,Unknown,Unknown,Unknown,Unknown,Unknown,Unknown,Unknown,False
Plesiomon,326,./new_digimon_images\Plesiomon.jpg,Mega,Data,Deep Savers,Zudomon,Unknown,Aegisdramon,Unknown,Unknown,True
Plotmon,327,no image,Unknown,Unknown,Unknown,Unknown,Unknown,Unknown,Unknown,Unknown,False
Plutomon,328,./new_digimon_images\Plutomon.jpg,Mega,Virus,Unknown,Cerberusmon Werewolf Mode,Plutomon (Fusion) | Master,Unknown,Unknown,Chaos Rights,True
Poyomon,329,./new_digimon_images\Poyomon.jpg,Fresh,Data / Free,Deep Savers,Unknown,Tokomon | Frigimon | Brachiomon | Bukamon | Tokomon X,Unknown,Unknown,Kyouryoku San no Awa | San no Awa | Awa,True
Prince Mamemon,330,no image,Mega,Data,Virus Busters,MetalMamemon,Unknown,Unknown,Unknown,Digimon World Dawn and Dusk,True
Pukamon,331,no image,Unknown,Unknown,Unknown,Unknown,Unknown,Unknown,Unknown,Unknown,False
Pukumon,332,./new_digimon_images\Pukumon.jpg,Mega,Virus,Deep Savers,ShogunGekomon,Unknown,Unknown,Unknown,Unknown,True
Pumpmon,333,no image,Unknown,Unknown,Unknown,Unknown,Unknown,Unknown,Unknown,Unknown,False
Punimon,334,./new_digimon_images\Punimon.jpg,Fresh,Data / Free,Unknown,Unknown,Tsunomon | Salamon,Unknown,Unknown,San no Awa | Awa,True
Pyocomon,335,no image,Unknown,Unknown,Unknown,Unknown,Unknown,Unknown,Unknown,Unknown,False
Ranamon,336,./new_digimon_images\Ranamon.jpg,Hybrid,Vaccine / Variable,Deep Savers,H Spirit of Water,Unknown,Unknown,Unknown,Rain Stream | Jealousy Rain,True
Rapidmon Armor,337,no image,Unknown,Unknown,Unknown,Unknown,Unknown,Unknown,Unknown,Unknown,False
Rapidmon Perfect,338,no image,Unknown,Unknown,Unknown,Unknown,Unknown,Unknown,Unknown,Unknown,False
Raptordramon,339,no image,Unknown,Unknown,Unknown,Unknown,Unknown,Unknown,Unknown,Unknown,False
Raremon,340,./new_digimon_images\Raremon.jpg,Champion,Virus,Nightmare Soldiers,Pagumon,RareRaremon,Unknown,Unknown,Hedoro | Kusai Gas,True
Ravmon,341,no image,Unknown,Unknown,Unknown,Unknown,Unknown,Unknown,Unknown,Unknown,False
Ravmon  Burst Mode,342,no image,Unknown,Unknown,Unknown,Unknown,Unknown,Unknown,Unknown,Unknown,False
Renamon,343,./new_digimon_images\Renamon.jpg,Rookie,Data,Nightmare Soldiers,Viximon,Kyubimon | Youkomon,Unknown,Unknown,Koyousetsu | Kohenkyo | Touhakken | Shouda | Souzan | Kokaishū | Kosengeki | Korenkyaku,True
Reppamon,344,./new_digimon_images\Reppamon.jpg,Champion,Vaccine,Virus Busters,Kudamon (2006 anime),Chirinmon,Unknown,Unknown,Kurukuru Rekkūzan | Jūga Rangeki | Shinkū Kamaitachi,True
Revolmon,345,no image,Unknown,Unknown,Unknown,Unknown,Unknown,Unknown,Unknown,Unknown,False
Rize Greymon,346,no image,Ultimate,Vaccine,Dragon's Roar,GeoGreymon,ShineGreymon | VictoryGreymon | Gaiomon,Unknown,Unknown,Unknown,True
Rosemon,347,./new_digimon_images\Rosemon.jpg,Mega,Data,Wind Guardians,Lillymon,Omnimon Merciful Mode | Omnimon | Vikemon | HerculesKabuterimon | Hououmon | Seraphimon | Magnadramon,Rosemon Burst Mode,Unknown,Thorn Whip | Roses Rapier | Thorn Shot,True
Rosemon  Burst Mode,348,no image,Unknown,Unknown,Unknown,Unknown,Unknown,Unknown,Unknown,Unknown,False
Rust Tyranomon,349,no image,Mega,Virus,Metal Empire,MetalTyrannomon,Unknown,Unknown,Unknown,Terror's Cluster,True
Ryudamon,350,./new_digimon_images\Ryudamon.jpg,Rookie,Vaccine,Nature Spirits,Unknown,Ginryumon | DexDorugamon,Unknown,Unknown,Kabutogaeshi | Iaijin,True
Saber Leomon,351,no image,Mega,Data,Nature Spirits,GrapLeomon,Unknown,Dinotigermon,Unknown,Nail Crusher,True
Saint Galgomon,352,no image,Unknown,Unknown,Unknown,Unknown,Unknown,Unknown,Unknown,Unknown,False
Sakuyamon,353,./new_digimon_images\Sakuyamon.jpg,Mega,Data,Nightmare Soldiers,Taomon,Unknown,Kuzuhamon | Sakuyamon Maid Mode,Unknown,Spirit Strike[6] | Kongoukai Mandara | Jouenkobu | Raishuukyaku | Kofūsatsu | Koenkyaku | Yougetsushū | Kassengeki | Kuda-gitsune,True
Sangloupmon,354,./new_digimon_images\Sangloupmon.jpg,Champion,Virus,Dark Area,Dracmon,Matadormon | Myotismon,Unknown,Unknown,Unknown,True
Savior Hackmon,355,no image,Unknown,Unknown,Unknown,Unknown,Unknown,Unknown,Unknown,Unknown,False
Scumon,356,no image,Unknown,Unknown,Unknown,Unknown,Unknown,Unknown,Unknown,Unknown,False
Seadramon,357,./new_digimon_images\Seadramon.jpg,Champion,Data,Deep Savers,Betamon,MegaSeadramon | Mamemon | Whamon | WaruSeadramon | SkullSeadramon,Unknown,Unknown,Ice Arrow | Water Breath | Chill Brains | Shimetsukeru,True
Seraphimon,358,./new_digimon_images\Seraphimon.jpg,Mega,Vaccine,Wind Guardians,MagnaAngemon,Omnimon Merciful Mode | Omnimon | Vikemon | Rosemon | HerculesKabuterimon | Hououmon | Magnadramon,ShadowSeraphimon | Daemon,Unknown,Seven Heavens | Divine Breaker | Ascension Hallow | Final Heal | Chokkagata Heaven's Kick,True
Shakkoumon,359,./new_digimon_images\Shakkoumon.jpg,Ultimate,Data / Free,Unknown,Ankylomon,Vikemon | SlashAngemon,Unknown,Unknown,Aramitama | Nigimitama | Sakimitama,True
Shakomon,360,no image,Unknown,Unknown,Unknown,Unknown,Unknown,Unknown,Unknown,Unknown,False
Shamamon,361,no image,Unknown,Unknown,Unknown,Unknown,Unknown,Unknown,Unknown,Unknown,False
Sharkmon,362,./new_digimon_images\Sharkmon.jpg,Ultimate,Virus,Unknown,Unknown,Unknown,Unknown,Unknown,Issei Hōgeki,True
Shawujinmon,363,no image,Unknown,Unknown,Unknown,Unknown,Unknown,Unknown,Unknown,Unknown,False
Shellmon,364,./new_digimon_images\Shellmon.jpg,Champion,Data,Deep Savers,Syakomon,Mermaimon,Unknown,Unknown,Hydro Pressure | Tai Atari | Spin Shelter,True
Shine Greymon,365,no image,Mega,Vaccine,Dragon's Roar,RizeGreymon,Unknown,ShineGreymon Burst Mode | ShineGreymon Ruin Mode,Unknown,Unknown,True
Shine Greymon  Burst Mode,366,no image,Unknown,Unknown,Unknown,Unknown,Unknown,Unknown,Unknown,Unknown,False
Shoutmon,367,./new_digimon_images\Shoutmon.jpg,Rookie,Data / Free,Nature Spirits,Unknown,Shoutmon (King Version),Unknown,Shoutmon X7F Superior Mode,Rokku Damashī | Soul Crusher | Rowdy Rocker,True
Shurimon,368,./new_digimon_images\Shurimon.jpg,Armor,Data / Free,Wind Guardians,Hawkmon,Unknown,Unknown,Unknown,Kusanagi | Momiji Oroshi | Nouten Sakaotoshi | Konoha Kakure | Tendril Jump,True
Silphymon,369,./new_digimon_images\Silphymon.jpg,Ultimate,Data / Free,Wind Guardians,Aquilamon,Dynasmon | Valkyrimon | Varodurumon | Sinduramon | Phoenixmon,Unknown,Unknown,Top Gun | Dual Sonic,True
Sirenmon,370,./new_digimon_images\Sirenmon.jpg,Ultimate,Data,Deep Savers,Kiwimon,Unknown,Unknown,Unknown,Dai'ikkyoku (Polyphony) | Dainikyoku (Aria) | Daisankyoku (Canon),True
Skull Baluchimon,371,no image,Ultimate,Data,Nightmare Soldiers,Baluchimon,Unknown,Unknown,Unknown,Unknown,True
Skull Baluchimon Titamon,372,no image,Unknown,Unknown,Unknown,Unknown,Unknown,Unknown,Unknown,Unknown,False
Skull Greymon,373,no image,Ultimate,Virus,Nightmare Soldiers,Greymon,BlackWarGreymon | Machinedramon,Unknown,Unknown,Ground Zero | Curse Breath,True
Skull Mammon,374,no image,Unknown,Unknown,Unknown,Unknown,Unknown,Unknown,Unknown,Unknown,False
Skull Satamon,375,no image,Ultimate,Virus,Nightmare Soldiers,Devimon,Beelzemon | Apocalymon | DemiDevimon | Vilemon | LadyDevimon | Myotismon | Puppetmon | Murmukusmon,Unknown,Unknown,Unknown,True
Skullseadramon,376,./new_digimon_images\SkullSeadramon.jpg,Unknown,Unknown,Unknown,Unknown,Unknown,Unknown,Unknown,Unknown,False
Slash Angemon,377,no image,Mega,Vaccine,Virus Busters,Shakkoumon,Unknown,Unknown,Unknown,Holy Espada | Heaven's Ripper,True
Slayerdramon,378,./new_digimon_images\Slayerdramon.jpg,Mega,Vaccine,Dragon's Roar,Wingdramon,Examon | Breakdramon,Unknown,Unknown,Tenryūzanha | Shouryūzanpa | Kouryūzanba,True
Sleipmon,379,no image,Unknown,Unknown,Unknown,Unknown,Unknown,Unknown,Unknown,Unknown,False
Snimon,380,./new_digimon_images\Snimon.jpg,Champion,Vaccine,Unknown,Unknown,Unknown,Unknown,Unknown,Shadow Sickle | Tai Atari,True
Snow Goburimon,381,no image,Unknown,Unknown,Unknown,Unknown,Unknown,Unknown,Unknown,Unknown,False
Solarmon,382,./new_digimon_images\Solarmon.jpg,Rookie,Vaccine,Metal Empire,Unknown,Clockmon | Guardromon (Gold) | Meramon,Unknown,Unknown,Shiny Ring | SolCalor | Kikai Attack,True
Sorcerimon,383,no image,Unknown,Unknown,Unknown,Unknown,Unknown,Unknown,Unknown,Unknown,False
Starmon,384,./new_digimon_images\Starmon.jpg,Champion,Data,Nature Spirits,Unknown,SuperStarmon,Unknown,Unknown,Meteor Squall | Saiminjutsu,True
Stingmon,385,./new_digimon_images\Stingmon.jpg,Champion,Virus / Free,Nature Spirits,Wormmon,Paildramon | ExVeemon | Dinobeemon | ExVeemon | JewelBeemon | Imperialdramon Dragon Mode | Veemon,Unknown,Shoutmon X7F Superior Mode,Spiking Finish | Hell Squeeze | Moon Moon Shooter,True
Strikedramon,386,./new_digimon_images\Strikedramon.jpg,Champion,Vaccine,Nature Spirits,Monodramon,Cyberdramon,Unknown,Unknown,Unknown,True
Submarimon,387,./new_digimon_images\Submarimon.jpg,Armor,Vaccine / Free,Deep Savers,Armadillomon,Unknown,Unknown,Unknown,Oxygen Homing | Digimon ReArise | Aqua Vulcan,True
Sunflowmon,388,./new_digimon_images\Sunflowmon.jpg,Champion,Data,Jungle Troopers,Lalamon,Lilamon,Unknown,Unknown,Unknown,True
Super Starmon,389,no image,Ultimate,Data,Nature Spirits,Starmon,Justimon (Blitz Arm),Unknown,Unknown,Halley Squall | Galactica Eyes,True
Susanoomon,390,./new_digimon_images\Susanoomon.jpg,Mega,Vaccine / Free,None,Spirits of the Ten Legendary Warriors,Unknown,Unknown,Unknown,Ama-no-Habakiri | Yakusa-no-Ikadzuchi,True
Tailmon,391,no image,Unknown,Unknown,Unknown,Unknown,Unknown,Unknown,Unknown,Unknown,False
Tanemon,392,./new_digimon_images\Tanemon.jpg,In-Training,Data / Free,Jungle Troopers,Yuramon,Palmon | Floramon | Dinobeemon | Lalamon,Unknown,Shoutmon X7F Superior Mode,Awa | Nenchakusei no Awa | San no Awa | Rush | Bubble Attack | Large Bubbles | Support Request | Dempsey | Ivy Ground,True
Tankdramon,393,./new_digimon_images\Tankdramon.jpg,Ultimate,Virus,Metal Empire,Sealsdramon,Darkdramon,Unknown,Unknown,Unknown,True
Tankmon,394,./new_digimon_images\Tankmon.jpg,Champion,Data,Metal Empire,Unknown,Knightmon,Unknown,Unknown,Machine Gun Arm | Hell Drive | Sub Vulcan,True
Taomon,395,./new_digimon_images\Taomon.jpg,Ultimate,Data,Nightmare Soldiers,Kyubimon,Sakuyamon | Kuzuhamon | Karatenmon,Unknown,Unknown,Bonhitsusen | Kofūsatsu | Rajas | On | Ippitsu | Issen,True
Tentomon,396,./new_digimon_images\Tentomon.jpg,Rookie,Vaccine,Nature Spirits,Motimon,Kabuterimon,Unknown,Unknown,Petit Thunder | Katai Tsume | Tai Atari | Twice Arm,True
Terriermon,397,./new_digimon_images\Terriermon.jpg,Rookie,Vaccine,Nature Spirits,Gummymon,Gargomon | Rapidmon (Armor) | Digi-Egg of Destiny,Unknown,Shoutmon X7F Superior Mode,Petit Twister | Blazing Fire,True
Tiger Vespamon,398,no image,Mega,Virus,Metal Empire,CannonBeemon,Unknown,Unknown,Unknown,Mach Stinger V,True
Titamon,399,./new_digimon_images\Titamon.jpg,Mega,Virus,Unknown,Digitamamon,Unknown,Unknown,Unknown,Konpaku Shingeki[4] | Genba Mukon | Koou Meijin,True
Togemon,400,./new_digimon_images\Togemon.jpg,Champion,Data,Nature Spirits,Palmon,Lillymon | Ponchomon,Unknown,Unknown,Chikuchiku Banban | Mach Jab | Coconuts Punch | Coconut Counter,True
Tokomon,401,./new_digimon_images\Tokomon.jpg,In-Training,Data / Free,Wind Guardians,Poyomon,Patamon | Muchomon | Kokatorimon | Parrotmon,Unknown,Unknown,Kamitsuki | Awa | San no Awa,True
Tonosama Gekomon,402,no image,Unknown,Unknown,Unknown,Unknown,Unknown,Unknown,Unknown,Unknown,False
Toy Agumon,403,no image,Rookie,Vaccine,Metal Empire,Unknown,Unknown,Unknown,Unknown,Baby Flame | Mullion Punch | Kikai Attack,True
Triceramon,404,./new_digimon_images\Triceramon.jpg,Ultimate,Data,Nature Spirits,Tyrannomon,Azulongmon | Dinorexmon | WarGreymon | Machinedramon,Unknown,Unknown,Digimon Adventure V-Tamer 01 | Tai Atari | Fire Breath,True
Tsumemon,405,./new_digimon_images\Tsumemon.jpg,In-Training,Free,Nightmare Soldiers,Kuramon,Keramon | Zanbamon | DemiDevimon,Unknown,Unknown,Awa,True
Tuchidarumon,406,no image,Unknown,Unknown,Unknown,Unknown,Unknown,Unknown,Unknown,Unknown,False
Tunomon,407,no image,Unknown,Unknown,Unknown,Unknown,Unknown,Unknown,Unknown,Unknown,False
Turuiemon,408,./new_digimon_images\Turuiemon.jpg,Champion,Data,Nature Spirits,Lopmon,Antylamon (Good),Unknown,Unknown,Gantoretto | Ninjinken,True
Tuskmon,409,./new_digimon_images\Tuskmon.jpg,Champion,Virus,Unknown,Agumon,Megadramon | MetalGreymon (Vaccine) | Triceramon,Unknown,Unknown,Panzer Knuckle,True
Tyilinmon,410,no image,Unknown,Unknown,Unknown,Unknown,Unknown,Unknown,Unknown,Unknown,False
Tyranomon,411,no image,Unknown,Unknown,Unknown,Unknown,Unknown,Unknown,Unknown,Unknown,False
Tyrant Kabuterimon,412,no image,Mega,Virus,Nature Spirits,Kabuterimon,Unknown,Unknown,Unknown,Unknown,True
Tyumon,413,no image,Unknown,Unknown,Unknown,Unknown,Unknown,Unknown,Unknown,Unknown,False
Ulforce Veedramon,414,no image,Mega,Vaccine,Wind Guardians,AeroVeedramon,UlforceVeedramon Future Mode,Unknown,Unknown,Shining V Force | Ulforce Saber | Tense-greatShield,True
Ultimate Brachiomon,415,no image,Mega,Data,Metal Empire,Unknown,Unknown,Unknown,Unknown,Unknown,True
Undead Plutomon,416,no image,Unknown,Unknown,Unknown,Unknown,Unknown,Unknown,Unknown,Unknown,False
Unimon,417,./new_digimon_images\Unimon.jpg,Champion,Vaccine,Wind Guardians,Cutemon,Hippogriffomon,Unknown,Unknown,Holy Shot | 'corn Thrust | Spread Neigh,True
Vademon,418,./new_digimon_images\Vademon.jpg,Ultimate,Virus,Unknown,Vegiemon,Ebemon,Unknown,Unknown,Akuma no Nage Kiss | Abduction Kousen | Mutilate,True
Valdurmon,419,no image,Unknown,Unknown,Unknown,Unknown,Unknown,Unknown,Unknown,Unknown,False
Valkyrimon,420,./new_digimon_images\Valkyrimon.jpg,Mega,Vaccine / Free,Wind Guardians,Silphymon,Unknown,Unknown,Unknown,FenrirSword | Aurvandil no Ya | Sanction Storm,True
Vamdemon,421,no image,Unknown,Unknown,Unknown,Unknown,Unknown,Unknown,Unknown,Unknown,False
Veedramon,422,./new_digimon_images\Veedramon.jpg,Champion,Vaccine,Wind Guardians,Veemon,AeroVeedramon,RedVeedramon,Unknown,V-Breath Arrow | Cutter Shoot,True
Vegimon,423,no image,Unknown,Unknown,Unknown,Unknown,Unknown,Unknown,Unknown,Unknown,False
Venom Vamdemon,424,no image,Unknown,Unknown,Unknown,Unknown,Unknown,Unknown,Unknown,Unknown,False
Venusmon,425,./new_digimon_images\Venusmon.jpg,Mega,Vaccine,Unknown,Unknown,Unknown,Unknown,Unknown,Digimon New Century | Digimon New Century,True
Vikemon,426,./new_digimon_images\Vikemon.jpg,Mega,Vaccine / Free,Nature Spirits,Shakkoumon,Omnimon Merciful Mode | Omnimon | Rosemon | HerculesKabuterimon | Hououmon | Seraphimon | Magnadramon,Unknown,Unknown,Viking Flail | Berserk Howl,True
V-Mon,427,no image,Unknown,Unknown,Unknown,Unknown,Unknown,Unknown,Unknown,Unknown,False
Volcamon,428,./new_digimon_images\Volcamon.jpg,Ultimate,Data,Metal Empire,Unknown,PileVolcamon,Unknown,Unknown,Big Bang Voice | Big Bang Tackle,True
Vritramon,429,no image,Unknown,Unknown,Unknown,Unknown,Unknown,Unknown,Unknown,Unknown,False
Vulcanusmon,430,./new_digimon_images\Vulcanusmon.jpg,Mega,Data,Unknown,Unknown,Unknown,Unknown,Unknown,Unknown,True
Wanyamon,431,./new_digimon_images\Wanyamon.jpg,In-Training,Free,Nature Spirits,Dodomon,Gaomon | Bearmon | Elecmon,Unknown,Unknown,San no Awa | Awa,True
War Greymon,432,no image,Mega,Vaccine,Metal Empire,MetalGreymon (Vaccine),Omnimon | MetalGarurumon | Omnimon Zwart | MetalGarurumon,Unknown,Shoutmon X7F Superior Mode,GaiaForce | DramonKiller | Brave Tornado | Tate no Rocket,True
Waru Seadramon,433,no image,Ultimate,Virus,Deep Savers,Seadramon,Unknown,Unknown,Unknown,Darkstrom | Dramon Attack | Variable Wave,True
Waspmon,434,./new_digimon_images\Waspmon.jpg,Champion,Virus,Wind Guardians,FanBeemon,CannonBeemon,Unknown,Unknown,Unknown,True
Wendimon,435,no image,Unknown,Unknown,Unknown,Unknown,Unknown,Unknown,Unknown,Unknown,False
Were Garurumon,436,no image,Ultimate,Vaccine,Nightmare Soldiers,Garurumon,MetalGarurumon | AncientGarurumon | Omnimon | MetalGreymon (Vaccine) | CresGarurumon | ZeedGarurumon,WereGarurumon Sagittarius Mode,Unknown,Kaiser Nail | Baldy Blow | Engetsugeri,True
Whamon,437,./new_digimon_images\Whamon.jpg,Ultimate,Vaccine,Deep Savers,Whamon (Champion),Neptunemon | MarineAngemon,Unknown,Unknown,Jet Arrow | Kuchi de Hasamu Kougeki | Kuchi de Ama~ku Kougeki,True
Wingdramon,438,./new_digimon_images\Wingdramon.jpg,Ultimate,Vaccine,Dragon's Roar,Coredramon (Blue),Slayerdramon,Unknown,Unknown,Explode Sonic Lance,True
Wisemon,439,./new_digimon_images\Wisemon.jpg,Ultimate,Virus,Nightmare Soldiers,Unknown,Unknown,Unknown,Unknown,Unknown,True
Witchmon,440,./new_digimon_images\Witchmon.jpg,Champion,Data,Nightmare Soldiers,Tsukaimon,Bastemon,Unknown,Unknown,Unknown,True
Wizardmon,441,./new_digimon_images\Wizardmon.jpg,Champion,Data,Nightmare Soldiers,Candlemon,Phantomon | Mistymon,Unknown,Unknown,Thunder Cloud | Magic Game | Terror Illusion,True
Wolfmon,442,no image,Unknown,Unknown,Unknown,Unknown,Unknown,Unknown,Unknown,Unknown,False
Woodmon,443,./new_digimon_images\Woodmon.jpg,Champion,Virus,Wind Guardians,Mushroomon,Cherrymon | Argomon (Ultimate),Unknown,Unknown,Branch Drain,True
Wormmon,444,./new_digimon_images\Wormmon.jpg,Rookie,Virus / Free,Nature Spirits,Minomon,Stingmon | Hudiemon | Erika Mishima | Digi-Egg Digivolution Chart,Unknown,Unknown,Nebaneba Net | Digimon All-Star Rumble | Petit Tackle,True
Xv-Mon,445,no image,Unknown,Unknown,Unknown,Unknown,Unknown,Unknown,Unknown,Unknown,False
Yatagaramon,446,no image,Unknown,Unknown,Unknown,Unknown,Unknown,Unknown,Unknown,Unknown,False
Yukidarumon,447,no image,Unknown,Unknown,Unknown,Unknown,Unknown,Unknown,Unknown,Unknown,False
Zanbamon,448,./new_digimon_images\Zanbamon.jpg,Mega,Virus,Nightmare Soldiers,Tsumemon,Unknown,Unknown,Unknown,Uchikubi Gokumon | Jūmonji Giri,True
Zubaeagermon,449,./new_digimon_images\ZubaEagermon.jpg,Unknown,Unknown,Unknown,Unknown,Unknown,Unknown,Unknown,Unknown,False
Zubamon,450,./new_digimon_images\Zubamon.jpg,Rookie,Vaccine,Metal Empire,Sakuttomon,ZubaEagermon,Unknown,Unknown,Unknown,True
Zudomon,451,./new_digimon_images\Zudomon.jpg,Ultimate,Vaccine,Deep Savers,Ikkakumon,Plesiomon | Vikemon,Unknown,Unknown,Hammer Spark | Hammer Boomerang | Glacier Spear | Ice Lord Bump | Vulcan Revenge,True
